0.45299256;0.418146979;0.45299256;0.494173702;0.543591072;0.60399008;0.67948884;0.776558675;0.679533279;0.639560733;0.604029581;0.572238551;0.543626623;0.604029581;0.679533279;0.776609462;0.724835498;0.679533279;0.604029581;0.572238551;0.543626623;0.517739641;0.494497608;0.472997712
Generationen: 10;Crossover: ox2;C-Rate: 0.8;Mutation: Exchange;M-Rate: 0.6;RouletteWheel-S.;T-Size: ---;Reinsertion-Rate: 0.2;Generation-Gap: 0.2;Selection-Pressure: 1.2;;;;;;;;;;;;;;
Iteration;total duration;avg. duration;standard deviation;avg.DiffrentCitiesofBest;avg.DiffrentCitiesofAll;calc. time;;;;;;;;;;;;;;;;;
0;34439;37241;1081;47;47;56;;;;;;;;;;;;;;;;;
1;34439;37089;1166;46;47;79;;;;;;;;;;;;;;;;;
2;34439;36979;1077;46;47;51;;;;;;;;;;;;;;;;;
3;34439;36731;997;46;47;33;;;;;;;;;;;;;;;;;
4;34439;36627;946;46;46;23;;;;;;;;;;;;;;;;;
5;34439;36394;969;45;45;24;;;;;;;;;;;;;;;;;
6;33825;36185;1052;46;45;30;;;;;;;;;;;;;;;;;
7;33825;35979;901;46;45;60;;;;;;;;;;;;;;;;;
8;33825;35939;920;45;45;71;;;;;;;;;;;;;;;;;
9;33820;35755;860;44;44;67;;;;;;;;;;;;;;;;;
0.431766081;0.39863278;0.431852178;0.471111467;0.518222613;0.575802904;0.647778267;0.740318019;0.647778267;0.609673663;0.575802904;0.545497488;0.518222613;0.575802904;0.647804154;0.740347604;0.690991097;0.647804154;0.575825914;0.545519287;0.518243323;0.493565069;0.471130294;0.450646368
Generationen: 10;Crossover: ox2;C-Rate: 0.8;Mutation: Exchange;M-Rate: 0.6;RouletteWheel-S.;T-Size: ---;Reinsertion-Rate: 0.2;Generation-Gap: 0.2;Selection-Pressure: 1.2;;;;;;;;;;;;;;
Iteration;total duration;avg. duration;standard deviation;avg.DiffrentCitiesofBest;avg.DiffrentCitiesofAll;calc. time;;;;;;;;;;;;;;;;;
0;34656;37395;1053;46;47;69;;;;;;;;;;;;;;;;;
1;34279;37131;1002;46;47;76;;;;;;;;;;;;;;;;;
2;33974;36883;1061;47;46;67;;;;;;;;;;;;;;;;;
3;33974;36701;1029;47;46;35;;;;;;;;;;;;;;;;;
4;33974;36547;958;46;45;27;;;;;;;;;;;;;;;;;
5;33974;36503;994;47;44;25;;;;;;;;;;;;;;;;;
6;33756;36173;911;42;44;24;;;;;;;;;;;;;;;;;
7;33756;36085;1022;42;43;30;;;;;;;;;;;;;;;;;
8;33756;35966;923;42;43;32;;;;;;;;;;;;;;;;;
9;33756;35973;1044;40;42;41;;;;;;;;;;;;;;;;;
0.417158011;0.385068933;0.417158011;0.455081467;0.500589613;0.556210681;0.625737016;0.715128019;0.625737016;0.588928957;0.556214224;0.526939791;0.500592802;0.556214224;0.625741002;0.715132574;0.667457069;0.625741002;0.556214224;0.526939791;0.500592802;0.476755049;0.455084365;0.435298089
Generationen: 100;Crossover: ox2;C-Rate: 0.8;Mutation: Exchange;M-Rate: 0.6;RouletteWheel-S.;T-Size: ---;Reinsertion-Rate: 0.2;Generation-Gap: 0.2;Selection-Pressure: 1.2;;;;;;;;;;;;;;
Iteration;total duration;avg. duration;standard deviation;avg.DiffrentCitiesofBest;avg.DiffrentCitiesofAll;calc. time;;;;;;;;;;;;;;;;;
11;35073;36494;734;45;45;45;;;;;;;;;;;;;;;;;
15;34921;36227;580;41;44;44;;;;;;;;;;;;;;;;;
16;33931;36102;584;45;43;40;;;;;;;;;;;;;;;;;
29;33859;35456;688;42;43;47;;;;;;;;;;;;;;;;;
38;33689;34844;457;44;41;32;;;;;;;;;;;;;;;;;
39;33556;34839;616;41;42;26;;;;;;;;;;;;;;;;;
41;33306;34737;712;41;41;23;;;;;;;;;;;;;;;;;
60;33151;34073;580;40;39;28;;;;;;;;;;;;;;;;;
65;33028;33972;817;34;38;27;;;;;;;;;;;;;;;;;
68;32942;33876;602;41;38;29;;;;;;;;;;;;;;;;;
82;32553;33682;710;45;38;42;;;;;;;;;;;;;;;;;
85;32335;33562;570;36;38;34;;;;;;;;;;;;;;;;;
98;32199;33453;1048;34;37;28;;;;;;;;;;;;;;;;;
0.829770785;0.386328974;0.418523055;0.456570606;0.502227666;0.55803074;0.627784583;0.717468095;0.627784583;0.590856078;0.55803074;0.528660701;0.502227666;0.55803074;0.659266269;0.753447165;0.703217354;0.659266269;0.586014461;0.555171595;0.527413015;0.50229811;0.479466378;0.458620013
Generationen: 100;Crossover: ox2;C-Rate: 0.8;Mutation: Exchange;M-Rate: 0.6;RouletteWheel-S.;T-Size: ---;Reinsertion-Rate: 0.2;Generation-Gap: 0.2;Selection-Pressure: 1.2;;;;;;;;;;;;;;
Iteration;total duration;avg. duration;standard deviation;avg.DiffrentCitiesofBest;avg.DiffrentCitiesofAll;calc. time;;;;;;;;;;;;;;;;;
8;33882;36171;831;46;45;51;;;;;;;;;;;;;;;;;
15;33135;35250;752;40;42;50;;;;;;;;;;;;;;;;;
25;32810;34559;727;44;40;70;;;;;;;;;;;;;;;;;
29;32730;34204;665;42;39;17;;;;;;;;;;;;;;;;;
33;32558;33859;659;30;37;17;;;;;;;;;;;;;;;;;
40;32480;33475;772;38;36;17;;;;;;;;;;;;;;;;;
42;32472;33247;403;39;36;14;;;;;;;;;;;;;;;;;
45;31461;33178;628;36;35;14;;;;;;;;;;;;;;;;;
53;31398;32932;489;32;33;37;;;;;;;;;;;;;;;;;
64;31309;32406;517;28;33;14;;;;;;;;;;;;;;;;;
66;30895;32310;601;29;33;14;;;;;;;;;;;;;;;;;
73;30754;32060;602;35;33;15;;;;;;;;;;;;;;;;;
75;30754;32055;741;35;32;15;;;;;;;;;;;;;;;;;
90;30588;31532;419;30;29;14;;;;;;;;;;;;;;;;;
92;30493;31452;375;28;29;15;;;;;;;;;;;;;;;;;
98;30220;31351;514;28;28;20;;;;;;;;;;;;;;;;;
Generationen: 50000;Crossover: ox2;C-Rate: 0.5;Mutation: Exchange;M-Rate: 0.5;Selection: Tournament;T-Size: 3;Reinsertion-Rate: 0.2;Generation-Gap: 0.4;Selection-Pressure: 1.2;;;;;;;;;;;;;;
Iteration;total duration;avg. duration;standard deviation;avg.DiffrentCitiesofBest;avg.DiffrentCitiesofAll;calc. time;;;;;;;;;;;;;;;;;
13;34979;36286;633;38;37;8;;;;;;;;;;;;;;;;;
19;33794;35577;681;33;30;2;;;;;;;;;;;;;;;;;
28;32957;34758;599;34;28;2;;;;;;;;;;;;;;;;;
43;32912;33641;411;26;28;5;;;;;;;;;;;;;;;;;
50;32235;33308;424;21;21;4;;;;;;;;;;;;;;;;;
79;32005;32725;338;12;15;3;;;;;;;;;;;;;;;;;
106;31953;32497;305;11;16;3;;;;;;;;;;;;;;;;;
451;31888;32118;127;8;9;2;;;;;;;;;;;;;;;;;
502;31579;32034;152;5;6;3;;;;;;;;;;;;;;;;;
6333;31529;31667;71;4;4;2;;;;;;;;;;;;;;;;;
6347;31504;31640;71;4;4;3;;;;;;;;;;;;;;;;;
6520;31471;31611;70;5;4;2;;;;;;;;;;;;;;;;;
6563;31202;31581;127;3;4;2;;;;;;;;;;;;;;;;;
49999;31202;31448;109;4;4;2;;;;;;;;;;;;;;;;;
Sat Aug 04 08:00:00 CEST 2018;Sat Aug 04 16:45:55 CEST 2018;;;;;;;;;;;;;;;;;;;;;;
Generationen: 50000;Crossover: ox2;C-Rate: 0.5;Mutation: Exchange;M-Rate: 0.5;Selection: Tournament;T-Size: 3;Reinsertion-Rate: 0.5;Generation-Gap: 0.5;Selection-Pressure: 1.2;;;;;;;;;;;;;;
Iteration;total duration;avg. duration;standard deviation;avg.DiffrentCitiesofBest;avg.DiffrentCitiesofAll;calc. time;;;;;;;;;;;;;;;;;
2;36280;37345;705;44;42;20;;;;;;;;;;;;;;;;;
4;35893;36842;879;36;39;17;;;;;;;;;;;;;;;;;
7;34268;36458;739;40;38;5;;;;;;;;;;;;;;;;;
8;34164;36142;717;37;37;3;;;;;;;;;;;;;;;;;
12;33486;35129;802;27;30;6;;;;;;;;;;;;;;;;;
14;33356;34656;749;21;25;3;;;;;;;;;;;;;;;;;
16;33332;34122;569;20;16;3;;;;;;;;;;;;;;;;;
17;33175;33902;526;15;15;3;;;;;;;;;;;;;;;;;
26;33000;33448;275;11;11;3;;;;;;;;;;;;;;;;;
31;32992;33258;166;9;12;6;;;;;;;;;;;;;;;;;
33;32752;33167;166;9;11;3;;;;;;;;;;;;;;;;;
85;32596;32967;161;12;10;4;;;;;;;;;;;;;;;;;
89;32554;32852;174;12;10;3;;;;;;;;;;;;;;;;;
98;32546;32695;109;10;10;4;;;;;;;;;;;;;;;;;
117;32539;32652;89;8;9;4;;;;;;;;;;;;;;;;;
120;32531;32627;82;7;9;4;;;;;;;;;;;;;;;;;
151;32518;32582;41;19;10;2;;;;;;;;;;;;;;;;;
222;32029;32547;150;13;12;2;;;;;;;;;;;;;;;;;
245;31867;32442;215;10;12;3;;;;;;;;;;;;;;;;;
324;31726;32073;147;13;12;1;;;;;;;;;;;;;;;;;
332;31391;31938;176;10;11;2;;;;;;;;;;;;;;;;;
443;31017;31778;406;11;9;3;;;;;;;;;;;;;;;;;
444;30899;31619;312;9;9;3;;;;;;;;;;;;;;;;;
573;30850;31190;189;6;6;2;;;;;;;;;;;;;;;;;
1432;30726;31014;124;6;5;2;;;;;;;;;;;;;;;;;
1442;30677;30932;131;5;5;2;;;;;;;;;;;;;;;;;
49999;30677;30830;76;3;4;2;;;;;;;;;;;;;;;;;
Sat Aug 04 08:00:00 CEST 2018;Sat Aug 04 16:48:36 CEST 2018;;;;;;;;;;;;;;;;;;;;;;
Generationen: 50000;Crossover: ox2;C-Rate: 0.5;Mutation: Exchange;M-Rate: 0.5;Selection: Tournament;T-Size: 5;Reinsertion-Rate: 0.5;Generation-Gap: 0.8;Selection-Pressure: 1.2;;;;;;;;;;;;;;
Iteration;total duration;avg. duration;standard deviation;avg.DiffrentCitiesofBest;avg.DiffrentCitiesofAll;calc. time;;;;;;;;;;;;;;;;;
2;36110;37295;704;42;40;24;;;;;;;;;;;;;;;;;
3;35465;36949;697;34;38;17;;;;;;;;;;;;;;;;;
6;35318;36118;449;23;26;7;;;;;;;;;;;;;;;;;
9;35131;35716;335;36;22;8;;;;;;;;;;;;;;;;;
10;34513;35565;406;22;23;8;;;;;;;;;;;;;;;;;
11;34451;35246;376;18;21;8;;;;;;;;;;;;;;;;;
12;34218;34947;390;17;17;7;;;;;;;;;;;;;;;;;
20;34072;34596;254;10;13;5;;;;;;;;;;;;;;;;;
23;33991;34410;237;8;10;6;;;;;;;;;;;;;;;;;
24;33842;34324;246;8;9;5;;;;;;;;;;;;;;;;;
26;33761;34202;257;8;8;6;;;;;;;;;;;;;;;;;
32;33699;34109;248;6;7;5;;;;;;;;;;;;;;;;;
247;33692;33930;172;4;5;2;;;;;;;;;;;;;;;;;
49999;33692;33895;166;4;4;2;;;;;;;;;;;;;;;;;
Sat Aug 04 08:00:00 CEST 2018;Sat Aug 04 16:51:09 CEST 2018;;;;;;;;;;;;;;;;;;;;;;
Generationen: 50000;Crossover: ox2;C-Rate: 0.5;Mutation: Exchange;M-Rate: 0.5;Selection: Tournament;T-Size: 4;Reinsertion-Rate: 0.1;Generation-Gap: 0.2;Selection-Pressure: 1.2;;;;;;;;;;;;;;
Iteration;total duration;avg. duration;standard deviation;avg.DiffrentCitiesofBest;avg.DiffrentCitiesofAll;calc. time;;;;;;;;;;;;;;;;;
12;36013;37159;661;39;41;5;;;;;;;;;;;;;;;;;
17;34830;36745;658;40;39;4;;;;;;;;;;;;;;;;;
37;34466;35743;628;26;31;2;;;;;;;;;;;;;;;;;
41;33768;35356;681;25;25;4;;;;;;;;;;;;;;;;;
64;33605;34415;370;25;19;5;;;;;;;;;;;;;;;;;
65;33143;34266;457;16;20;7;;;;;;;;;;;;;;;;;
70;32987;33930;499;13;17;4;;;;;;;;;;;;;;;;;
84;32926;33590;472;13;14;10;;;;;;;;;;;;;;;;;
133;32770;33212;266;9;11;5;;;;;;;;;;;;;;;;;
480;32561;32915;125;8;7;2;;;;;;;;;;;;;;;;;
952;31959;32771;221;8;6;2;;;;;;;;;;;;;;;;;
1024;31774;32521;360;7;8;2;;;;;;;;;;;;;;;;;
1404;31699;31979;154;6;7;1;;;;;;;;;;;;;;;;;
1415;31678;31913;146;5;7;3;;;;;;;;;;;;;;;;;
2849;31662;31805;102;7;6;2;;;;;;;;;;;;;;;;;
9696;31399;31729;93;5;5;2;;;;;;;;;;;;;;;;;
9719;31345;31666;136;5;5;2;;;;;;;;;;;;;;;;;
49999;31345;31491;256;4;5;2;;;;;;;;;;;;;;;;;
Sat Aug 04 08:00:00 CEST 2018;Sat Aug 04 16:54:08 CEST 2018;;;;;;;;;;;;;;;;;;;;;;
Generationen: 50000;Crossover: ox2;C-Rate: 0.5;Mutation: Exchange;M-Rate: 0.2;Selection: Tournament;T-Size: 2;Reinsertion-Rate: 0.1;Generation-Gap: 0.2;Selection-Pressure: 1.2;;;;;;;;;;;;;;
Iteration;total duration;avg. duration;standard deviation;avg.DiffrentCitiesofBest;avg.DiffrentCitiesofAll;calc. time;;;;;;;;;;;;;;;;;
4;35202;37258;1016;43;46;14;;;;;;;;;;;;;;;;;
14;35168;36391;856;42;42;5;;;;;;;;;;;;;;;;;
19;35049;35980;612;43;41;3;;;;;;;;;;;;;;;;;
27;34789;35570;443;42;41;3;;;;;;;;;;;;;;;;;
28;34634;35485;451;44;41;2;;;;;;;;;;;;;;;;;
29;34323;35412;530;39;42;4;;;;;;;;;;;;;;;;;
31;33558;35129;545;41;41;3;;;;;;;;;;;;;;;;;
50;33102;34485;617;31;34;3;;;;;;;;;;;;;;;;;
75;33004;34003;479;25;32;2;;;;;;;;;;;;;;;;;
77;32992;33794;511;23;31;2;;;;;;;;;;;;;;;;;
79;32795;33656;552;22;28;4;;;;;;;;;;;;;;;;;
80;32338;33527;560;17;25;3;;;;;;;;;;;;;;;;;
85;32332;33259;582;33;22;1;;;;;;;;;;;;;;;;;
88;32155;33100;553;29;20;2;;;;;;;;;;;;;;;;;
155;31531;32643;398;42;19;2;;;;;;;;;;;;;;;;;
180;31265;32312;438;18;23;3;;;;;;;;;;;;;;;;;
217;31131;31916;426;30;25;2;;;;;;;;;;;;;;;;;
244;30441;31575;412;28;25;3;;;;;;;;;;;;;;;;;
261;29618;31291;854;39;27;3;;;;;;;;;;;;;;;;;
273;29547;30849;635;33;31;2;;;;;;;;;;;;;;;;;
279;29258;30577;693;26;30;2;;;;;;;;;;;;;;;;;
320;28876;29737;450;19;21;2;;;;;;;;;;;;;;;;;
358;28665;29208;250;7;8;2;;;;;;;;;;;;;;;;;
11982;28431;28782;113;4;4;2;;;;;;;;;;;;;;;;;
49999;28431;28678;121;3;4;2;;;;;;;;;;;;;;;;;
Sat Aug 04 08:00:00 CEST 2018;Sat Aug 04 16:58:37 CEST 2018;;;;;;;;;;;;;;;;;;;;;;
Generationen: 50000;Crossover: ox2;C-Rate: 0.8;Mutation: Exchange;M-Rate: 0.5;Selection: Tournament;T-Size: 3;Reinsertion-Rate: 0.5;Generation-Gap: 0.5;Selection-Pressure: 1.2;;;;;;;;;;;;;;
Iteration;total duration;avg. duration;standard deviation;avg.DiffrentCitiesofBest;avg.DiffrentCitiesofAll;calc. time;;;;;;;;;;;;;;;;;
2;34106;37108;1143;39;42;12;;;;;;;;;;;;;;;;;
4;33498;36216;1346;40;38;14;;;;;;;;;;;;;;;;;
8;32723;34484;808;35;29;7;;;;;;;;;;;;;;;;;
10;32370;33714;521;37;30;7;;;;;;;;;;;;;;;;;
18;31776;33236;1100;30;31;5;;;;;;;;;;;;;;;;;
19;31208;32683;734;29;30;11;;;;;;;;;;;;;;;;;
20;30909;32463;635;26;29;5;;;;;;;;;;;;;;;;;
51;30903;31126;148;15;12;4;;;;;;;;;;;;;;;;;
55;30825;31072;135;19;13;4;;;;;;;;;;;;;;;;;
57;30427;31081;347;24;17;4;;;;;;;;;;;;;;;;;
60;30248;30804;379;14;17;3;;;;;;;;;;;;;;;;;
61;30149;30781;565;22;19;3;;;;;;;;;;;;;;;;;
62;29825;30552;328;14;18;4;;;;;;;;;;;;;;;;;
66;29614;30234;246;13;16;4;;;;;;;;;;;;;;;;;
68;29446;30065;366;10;14;4;;;;;;;;;;;;;;;;;
72;29280;29752;279;8;11;3;;;;;;;;;;;;;;;;;
114;29255;29446;111;22;19;4;;;;;;;;;;;;;;;;;
116;29086;29399;120;19;20;4;;;;;;;;;;;;;;;;;
119;29075;29351;140;16;18;2;;;;;;;;;;;;;;;;;
128;28906;29302;204;27;17;4;;;;;;;;;;;;;;;;;
134;28718;29198;200;21;18;4;;;;;;;;;;;;;;;;;
135;28483;29117;257;18;18;4;;;;;;;;;;;;;;;;;
152;28200;28852;267;20;19;4;;;;;;;;;;;;;;;;;
317;28193;28490;176;10;10;2;;;;;;;;;;;;;;;;;
345;27610;28361;270;12;9;4;;;;;;;;;;;;;;;;;
349;27393;28154;301;8;8;3;;;;;;;;;;;;;;;;;
524;27324;27670;208;4;4;2;;;;;;;;;;;;;;;;;
12093;27299;27504;121;3;3;2;;;;;;;;;;;;;;;;;
49999;27299;27426;91;3;3;2;;;;;;;;;;;;;;;;;
Sat Aug 04 08:00:00 CEST 2018;Sat Aug 04 17:00:55 CEST 2018;;;;;;;;;;;;;;;;;;;;;;
Generationen: 50000;Crossover: ox2;C-Rate: 1.0;Mutation: Exchange;M-Rate: 1.0;Selection: Tournament;T-Size: 3;Reinsertion-Rate: 0.5;Generation-Gap: 0.5;Selection-Pressure: 1.2;;;;;;;;;;;;;;
Iteration;total duration;avg. duration;standard deviation;avg.DiffrentCitiesofBest;avg.DiffrentCitiesofAll;calc. time;;;;;;;;;;;;;;;;;
2;34473;36027;678;44;44;20;;;;;;;;;;;;;;;;;
4;33919;35722;975;38;38;6;;;;;;;;;;;;;;;;;
9;33293;35140;1053;39;36;8;;;;;;;;;;;;;;;;;
12;32252;34614;1505;40;34;7;;;;;;;;;;;;;;;;;
18;31365;33348;1684;34;30;12;;;;;;;;;;;;;;;;;
19;30130;32775;1035;31;31;4;;;;;;;;;;;;;;;;;
21;29182;32348;1381;30;30;6;;;;;;;;;;;;;;;;;
24;28976;31808;2065;23;27;5;;;;;;;;;;;;;;;;;
30;28963;30325;1183;19;22;2;;;;;;;;;;;;;;;;;
64;28924;29129;135;8;8;3;;;;;;;;;;;;;;;;;
88;28870;29024;94;7;6;5;;;;;;;;;;;;;;;;;
91;28831;29006;115;5;6;4;;;;;;;;;;;;;;;;;
49999;28831;28958;123;4;5;2;;;;;;;;;;;;;;;;;
Sat Aug 04 08:00:00 CEST 2018;Sat Aug 04 17:04:01 CEST 2018;;;;;;;;;;;;;;;;;;;;;;
Generationen: 50000;Crossover: ox2;C-Rate: 0.8;Mutation: Exchange;M-Rate: 0.5;Selection: Tournament;T-Size: 5;Reinsertion-Rate: 0.5;Generation-Gap: 0.5;Selection-Pressure: 1.2;;;;;;;;;;;;;;
Iteration;total duration;avg. duration;standard deviation;avg.DiffrentCitiesofBest;avg.DiffrentCitiesofAll;calc. time;;;;;;;;;;;;;;;;;
2;33590;35939;1390;38;41;14;;;;;;;;;;;;;;;;;
19;33440;34123;328;13;15;5;;;;;;;;;;;;;;;;;
22;33122;33966;377;22;16;4;;;;;;;;;;;;;;;;;
23;32732;33897;499;23;17;5;;;;;;;;;;;;;;;;;
25;32575;33550;483;17;17;5;;;;;;;;;;;;;;;;;
56;32482;33122;358;12;14;4;;;;;;;;;;;;;;;;;
159;32400;32719;210;7;6;3;;;;;;;;;;;;;;;;;
201;32352;32628;171;6;6;2;;;;;;;;;;;;;;;;;
223;32319;32561;141;5;6;5;;;;;;;;;;;;;;;;;
464;32254;32471;110;7;5;2;;;;;;;;;;;;;;;;;
1183;32226;32421;304;6;6;2;;;;;;;;;;;;;;;;;
49999;32226;32420;327;4;5;1;;;;;;;;;;;;;;;;;
Sat Aug 04 08:00:00 CEST 2018;Sat Aug 04 17:05:51 CEST 2018;;;;;;;;;;;;;;;;;;;;;;
Generationen: 50000;Crossover: ox2;C-Rate: 0.8;Mutation: Exchange;M-Rate: 0.8;Selection: Tournament;T-Size: 2;Reinsertion-Rate: 0.5;Generation-Gap: 0.5;Selection-Pressure: 1.2;;;;;;;;;;;;;;
Iteration;total duration;avg. duration;standard deviation;avg.DiffrentCitiesofBest;avg.DiffrentCitiesofAll;calc. time;;;;;;;;;;;;;;;;;
3;32657;36146;1574;39;40;14;;;;;;;;;;;;;;;;;
4;32483;35286;1408;35;39;11;;;;;;;;;;;;;;;;;
9;32408;34266;2000;29;27;6;;;;;;;;;;;;;;;;;
14;31725;33099;841;25;21;6;;;;;;;;;;;;;;;;;
23;31437;32472;619;22;29;4;;;;;;;;;;;;;;;;;
327;31418;31518;46;7;6;2;;;;;;;;;;;;;;;;;
340;31402;31496;61;5;6;2;;;;;;;;;;;;;;;;;
656;31148;31446;76;6;6;2;;;;;;;;;;;;;;;;;
711;31144;31235;73;5;5;1;;;;;;;;;;;;;;;;;
713;31051;31205;61;4;5;2;;;;;;;;;;;;;;;;;
1321;31017;31195;215;4;4;2;;;;;;;;;;;;;;;;;
1338;31012;31105;59;4;4;2;;;;;;;;;;;;;;;;;
1339;30999;31087;59;5;4;2;;;;;;;;;;;;;;;;;
1341;30934;31075;65;4;4;1;;;;;;;;;;;;;;;;;
1461;30896;31040;77;5;4;2;;;;;;;;;;;;;;;;;
49999;30896;31047;125;3;4;1;;;;;;;;;;;;;;;;;
Sat Aug 04 08:00:00 CEST 2018;Sat Aug 04 17:08:09 CEST 2018;;;;;;;;;;;;;;;;;;;;;;
Generationen: 50000;Crossover: ox2;C-Rate: 0.8;Mutation: Exchange;M-Rate: 0.5;Selection: Tournament;T-Size: 3;Reinsertion-Rate: 0.2;Generation-Gap: 0.4;Selection-Pressure: 1.2;;;;;;;;;;;;;;
Iteration;total duration;avg. duration;standard deviation;avg.DiffrentCitiesofBest;avg.DiffrentCitiesofAll;calc. time;;;;;;;;;;;;;;;;;
2;35897;37409;855;41;43;17;;;;;;;;;;;;;;;;;
4;35549;36947;809;37;40;7;;;;;;;;;;;;;;;;;
5;34175;36336;871;37;38;5;;;;;;;;;;;;;;;;;
7;33644;35850;1212;36;34;3;;;;;;;;;;;;;;;;;
12;33599;34827;609;27;29;5;;;;;;;;;;;;;;;;;
14;32747;34366;632;26;30;4;;;;;;;;;;;;;;;;;
16;32197;34054;837;28;29;3;;;;;;;;;;;;;;;;;
17;31926;33807;879;29;29;3;;;;;;;;;;;;;;;;;
31;31711;32424;422;27;30;3;;;;;;;;;;;;;;;;;
35;30160;32114;568;27;26;5;;;;;;;;;;;;;;;;;
41;30022;30950;620;12;14;7;;;;;;;;;;;;;;;;;
42;29939;30773;619;11;13;6;;;;;;;;;;;;;;;;;
49;29544;30109;189;16;12;5;;;;;;;;;;;;;;;;;
73;29430;29942;282;13;12;5;;;;;;;;;;;;;;;;;
74;29348;29874;252;11;12;3;;;;;;;;;;;;;;;;;
97;29252;29641;294;16;11;4;;;;;;;;;;;;;;;;;
145;29194;29515;330;13;12;2;;;;;;;;;;;;;;;;;
148;29036;29479;330;12;12;3;;;;;;;;;;;;;;;;;
196;29009;29297;325;10;12;3;;;;;;;;;;;;;;;;;
611;28802;29103;102;8;10;1;;;;;;;;;;;;;;;;;
1345;28671;28928;116;3;4;1;;;;;;;;;;;;;;;;;
1347;28625;28878;114;4;4;2;;;;;;;;;;;;;;;;;
1715;28543;28775;118;3;4;2;;;;;;;;;;;;;;;;;
4364;28471;28720;133;5;4;2;;;;;;;;;;;;;;;;;
4378;27919;28645;206;4;4;3;;;;;;;;;;;;;;;;;
49999;27919;28050;93;4;4;2;;;;;;;;;;;;;;;;;
Sat Aug 04 08:00:00 CEST 2018;Sat Aug 04 17:11:28 CEST 2018;;;;;;;;;;;;;;;;;;;;;;
Generationen: 50000;Crossover: ox2;C-Rate: 0.8;Mutation: Exchange;M-Rate: 0.5;RouletteWheel-S.;T-Size: ---;Reinsertion-Rate: 0.2;Generation-Gap: 0.4;Selection-Pressure: 1.2;;;;;;;;;;;;;;
Iteration;total duration;avg. duration;standard deviation;avg.DiffrentCitiesofBest;avg.DiffrentCitiesofAll;calc. time;;;;;;;;;;;;;;;;;
7;34656;36087;638;37;37;5;;;;;;;;;;;;;;;;;
9;33219;35700;800;42;38;5;;;;;;;;;;;;;;;;;
18;32194;34582;931;30;35;2;;;;;;;;;;;;;;;;;
38;32119;33197;566;11;14;6;;;;;;;;;;;;;;;;;
56;31692;32331;382;18;18;7;;;;;;;;;;;;;;;;;
69;31518;32271;597;17;16;4;;;;;;;;;;;;;;;;;
76;31497;31948;261;14;17;4;;;;;;;;;;;;;;;;;
77;31230;31811;309;14;17;4;;;;;;;;;;;;;;;;;
78;30283;31683;424;12;16;5;;;;;;;;;;;;;;;;;
84;30251;31157;427;8;8;4;;;;;;;;;;;;;;;;;
90;30208;30897;409;8;9;4;;;;;;;;;;;;;;;;;
94;30127;30691;375;9;9;2;;;;;;;;;;;;;;;;;
103;29993;30353;209;20;11;1;;;;;;;;;;;;;;;;;
104;29937;30333;248;19;11;4;;;;;;;;;;;;;;;;;
107;29905;30207;190;18;12;3;;;;;;;;;;;;;;;;;
108;29719;30162;193;15;12;3;;;;;;;;;;;;;;;;;
112;29687;30046;218;12;11;4;;;;;;;;;;;;;;;;;
167;29613;29836;104;9;11;2;;;;;;;;;;;;;;;;;
586;29579;29746;91;12;9;2;;;;;;;;;;;;;;;;;
589;29504;29712;99;11;9;2;;;;;;;;;;;;;;;;;
598;29472;29738;371;8;9;2;;;;;;;;;;;;;;;;;
602;29467;29630;111;9;8;2;;;;;;;;;;;;;;;;;
608;29435;29572;91;7;7;2;;;;;;;;;;;;;;;;;
630;29344;29578;222;11;7;2;;;;;;;;;;;;;;;;;
638;29294;29508;147;11;8;2;;;;;;;;;;;;;;;;;
669;29267;29400;74;8;8;1;;;;;;;;;;;;;;;;;
1115;29193;29361;75;8;8;2;;;;;;;;;;;;;;;;;
1129;28978;29314;109;7;7;1;;;;;;;;;;;;;;;;;
1134;28801;29258;161;5;6;2;;;;;;;;;;;;;;;;;
1143;28726;29115;196;5;6;2;;;;;;;;;;;;;;;;;
17934;28500;28794;96;4;3;2;;;;;;;;;;;;;;;;;
18115;28337;28683;130;4;3;1;;;;;;;;;;;;;;;;;
18126;28305;28634;160;3;3;2;;;;;;;;;;;;;;;;;
49999;28305;28489;91;3;3;2;;;;;;;;;;;;;;;;;
Sat Aug 04 08:00:00 CEST 2018;Sat Aug 04 17:14:06 CEST 2018;;;;;;;;;;;;;;;;;;;;;;
"0.4271257123939362,""0.3942698883636334"",""0.4271257123939362"",""0.46595532261156675"",""0.5125508548727234"",""0.5575257361041059"",""0.6272164531171192"",""0.7168188035624219"",""0.6272164531171192"",""0.5903213676396416"",""0.5575257361041059"",""0.5281822763091529"",""0.5017731624936953"",""0.5575257361041059"",""0.6272164531171192"",""0.7168188035624219"",""0.669030883324927"",""0.6272164531171192"",""0.5694640237996256"",""0.5394922330733294"",""0.512517621419663"",""0.488112020399679"",""0.46592511038151174"",""0.44566749688666346""";;;;;;;;;;;;;;;;;;;;;;;
"Generationen: 50,""Crossover: ox2"",""C-Rate: 0.8"",""Mutation: Exchange"",""M-Rate: 0.5"",""Selection: Tournament"",""T-Size: 3"",""Reinsertion-Rate: 0.2"",""Generation-Gap: 0.4"",""Selection-Pressure: 1.2"",""GPS Frequenz: 8""";;;;;;;;;;;;;;;;;;;;;;;
"Iteration,""total duration"",""avg. duration"",""standard deviation"",""avg.DiffrentCitiesofBest"",""avg.DiffrentCitiesofAll"",""calc. time"",""time""";;;;;;;;;;;;;;;;;;;;;;;
"6,""4736"",""6974"",""1271"",""3"",""3"",""3"",""Mon Aug 06 09:15:32 CEST 2018""";;;;;;;;;;;;;;;;;;;;;;;
"39,""4716"",""5628"",""1313"",""3"",""3"",""2"",""Mon Aug 06 09:15:32 CEST 2018""";;;;;;;;;;;;;;;;;;;;;;;
"49,""4716"",""5480"",""1240"",""3"",""3"",""2"",""Mon Aug 06 09:15:32 CEST 2018""";;;;;;;;;;;;;;;;;;;;;;;
"Intersection,""4646"",""5373"",""1177"",""3"",""3"",""886"",""Mon Aug 06 08:00:00 CEST 2018""";;;;;;;;;;;;;;;;;;;;;;;
"Intersection,""4606"",""4671"",""37"",""3"",""3"",""9837"",""Mon Aug 06 08:00:06 CEST 2018""";;;;;;;;;;;;;;;;;;;;;;;
"Intersection,""4595"",""4794"",""590"",""3"",""3"",""1391"",""Mon Aug 06 08:00:12 CEST 2018""";;;;;;;;;;;;;;;;;;;;;;;
"GPS,""4590"",""4789"",""589"",""3"",""3"",""2406"",""Mon Aug 06 08:00:14 CEST 2018""";;;;;;;;;;;;;;;;;;;;;;;
"Intersection,""4584"",""4782"",""590"",""3"",""3"",""1794"",""Mon Aug 06 08:00:16 CEST 2018""";;;;;;;;;;;;;;;;;;;;;;;
"Intersection,""4581"",""4785"",""613"",""3"",""3"",""379"",""Mon Aug 06 08:00:16 CEST 2018""";;;;;;;;;;;;;;;;;;;;;;;
"GPS,""4570"",""4637"",""36"",""3"",""3"",""5826"",""Mon Aug 06 08:00:22 CEST 2018""";;;;;;;;;;;;;;;;;;;;;;;
"Intersection,""4563"",""4766"",""607"",""3"",""3"",""3831"",""Mon Aug 06 08:00:26 CEST 2018""";;;;;;;;;;;;;;;;;;;;;;;
"Intersection,""4561"",""4628"",""35"",""3"",""3"",""691"",""Mon Aug 06 08:00:27 CEST 2018""";;;;;;;;;;;;;;;;;;;;;;;
"Intersection,""4548"",""4772"",""604"",""3"",""3"",""3197"",""Mon Aug 06 08:00:30 CEST 2018""";;;;;;;;;;;;;;;;;;;;;;;
"GPS,""4547"",""4769"",""617"",""3"",""3"",""281"",""Mon Aug 06 08:00:30 CEST 2018""";;;;;;;;;;;;;;;;;;;;;;;
"0.7012841856158003,""0.6473392482607386"",""0.7012841856158003"",""0.7650372933990548"",""0.8417102589965588"",""0.9352336211072876"",""1.0521378237456984"",""1.2024432271379413"",""1.0521378237456984"",""0.9902473635253634"",""0.9352336211072876"",""0.8860107989437461"",""0.8417102589965588"",""0.9352336211072876"",""1.0521378237456984"",""1.2024432271379413"",""1.1234100822442317"",""1.0531969521039672"",""0.9361750685368597"",""0.8869026965086039"",""0.8425575616831738"",""0.802435773031594"",""0.7659614197119761"",""0.7326587492897164""";;;;;;;;;;;;;;;;;;;;;;;
"Generationen: 50,""Crossover: ox2"",""C-Rate: 0.8"",""Mutation: Exchange"",""M-Rate: 0.5"",""Selection: Tournament"",""T-Size: 3"",""Reinsertion-Rate: 0.2"",""Generation-Gap: 0.4"",""Selection-Pressure: 1.2"",""GPS Frequenz: 8""";;;;;;;;;;;;;;;;;;;;;;;
"Iteration,""total duration"",""avg. duration"",""standard deviation"",""avg.DiffrentCitiesofBest"",""avg.DiffrentCitiesofAll"",""calc. time"",""time""";;;;;;;;;;;;;;;;;;;;;;;
"3,""4730"",""6096"",""1690"",""3"",""3"",""4"",""Mon Aug 06 09:22:13 CEST 2018""";;;;;;;;;;;;;;;;;;;;;;;
"12,""4707"",""5512"",""1235"",""3"",""3"",""3"",""Mon Aug 06 09:22:13 CEST 2018""";;;;;;;;;;;;;;;;;;;;;;;
"49,""4707"",""4928"",""645"",""3"",""3"",""2"",""Mon Aug 06 09:22:13 CEST 2018""";;;;;;;;;;;;;;;;;;;;;;;
"Intersection,""4640"",""4850"",""613"",""3"",""3"",""1464"",""Mon Aug 06 08:00:00 CEST 2018""";;;;;;;;;;;;;;;;;;;;;;;
"GPS,""4609"",""4799"",""591"",""2"",""3"",""6540"",""Mon Aug 06 08:00:08 CEST 2018""";;;;;;;;;;;;;;;;;;;;;;;
"Intersection,""4605"",""4939"",""837"",""3"",""3"",""3009"",""Mon Aug 06 08:00:11 CEST 2018""";;;;;;;;;;;;;;;;;;;;;;;
"GPS,""4599"",""4797"",""607"",""3"",""3"",""4991"",""Mon Aug 06 08:00:16 CEST 2018""";;;;;;;;;;;;;;;;;;;;;;;
"Intersection,""4594"",""4791"",""590"",""3"",""3"",""4377"",""Mon Aug 06 08:00:20 CEST 2018""";;;;;;;;;;;;;;;;;;;;;;;
"GPS,""4590"",""4792"",""614"",""3"",""3"",""3623"",""Mon Aug 06 08:00:24 CEST 2018""";;;;;;;;;;;;;;;;;;;;;;;
"Intersection,""4584"",""4647"",""35"",""3"",""3"",""3427"",""Mon Aug 06 08:00:27 CEST 2018""";;;;;;;;;;;;;;;;;;;;;;;
"Intersection,""4581"",""4644"",""35"",""3"",""3"",""560"",""Mon Aug 06 08:00:28 CEST 2018""";;;;;;;;;;;;;;;;;;;;;;;
"GPS,""4576"",""4779"",""617"",""3"",""3"",""4013"",""Mon Aug 06 08:00:32 CEST 2018""";;;;;;;;;;;;;;;;;;;;;;;
"GPS,""4567"",""4767"",""607"",""3"",""3"",""7999"",""Mon Aug 06 08:00:40 CEST 2018""";;;;;;;;;;;;;;;;;;;;;;;
"Intersection,""4562"",""4625"",""35"",""3"",""3"",""4181"",""Mon Aug 06 08:00:44 CEST 2018""";;;;;;;;;;;;;;;;;;;;;;;
"Intersection,""4560"",""4760"",""607"",""3"",""3"",""1166"",""Mon Aug 06 08:00:45 CEST 2018""";;;;;;;;;;;;;;;;;;;;;;;
"GPS,""4557"",""4755"",""598"",""3"",""3"",""2655"",""Mon Aug 06 08:00:48 CEST 2018""";;;;;;;;;;;;;;;;;;;;;;;
"Intersection,""4546"",""4763"",""600"",""3"",""3"",""2770"",""Mon Aug 06 08:00:50 CEST 2018""";;;;;;;;;;;;;;;;;;;;;;;
"GPS,""4540"",""4881"",""817"",""2"",""3"",""5229"",""Mon Aug 06 08:00:56 CEST 2018""";;;;;;;;;;;;;;;;;;;;;;;
"GPS,""4531"",""4744"",""618"",""3"",""3"",""8000"",""Mon Aug 06 08:01:04 CEST 2018""";;;;;;;;;;;;;;;;;;;;;;;
"Intersection,""4522"",""4764"",""606"",""3"",""3"",""6156"",""Mon Aug 06 08:01:10 CEST 2018""";;;;;;;;;;;;;;;;;;;;;;;
"GPS,""4520"",""4756"",""610"",""3"",""3"",""1845"",""Mon Aug 06 08:01:12 CEST 2018""";;;;;;;;;;;;;;;;;;;;;;;
"Intersection,""4518"",""4754"",""608"",""3"",""3"",""10741"",""Mon Aug 06 08:01:19 CEST 2018""";;;;;;;;;;;;;;;;;;;;;;;
"GPS,""4517"",""4619"",""64"",""3"",""3"",""6"",""Mon Aug 06 08:01:20 CEST 2018""";;;;;;;;;;;;;;;;;;;;;;;
"Intersection,""4500"",""4744"",""611"",""3"",""3"",""2687"",""Mon Aug 06 08:01:25 CEST 2018""";;;;;;;;;;;;;;;;;;;;;;;
"GPS,""4497"",""4739"",""606"",""3"",""3"",""2578"",""Mon Aug 06 08:01:28 CEST 2018""";;;;;;;;;;;;;;;;;;;;;;;
"Intersection,""4493"",""4892"",""837"",""3"",""3"",""5586"",""Mon Aug 06 08:01:33 CEST 2018""";;;;;;;;;;;;;;;;;;;;;;;
0.427421983;0.394543369;0.427421983;0.466278527;0.51290638;0.569895978;0.641132975;0.7327234;0.641132975;0.603419271;0.569895978;0.539901453;0.51290638;0.569895978;0.641132975;0.7327234;0.683875173;0.641132975;0.569895978;0.539901453;0.51290638;0.488482267;0.466278527;0.446005548
Generationen: 50;Crossover: ox2;C-Rate: 0.8;Mutation: Exchange;M-Rate: 0.5;Selection: Tournament;T-Size: 3;Reinsertion-Rate: 0.2;Generation-Gap: 0.4;Selection-Pressure: 1.2;GPS Frequenz: 8;;;;;;;;;;;;;
Iteration;total duration;avg. duration;standard deviation;avg.DiffrentCitiesofBest;avg.DiffrentCitiesofAll;calc. time;time;;;;;;;;;;;;;;;;
6;4707;5942;1410;3;3;4;09:26:34;;;;;;;;;;;;;;;;
47;4683;4766;47;3;3;1;09:26:34;;;;;;;;;;;;;;;;
49;4683;4751;43;3;3;1;09:26:34;;;;;;;;;;;;;;;;
Intersection;4618;4681;39;3;3;1589;08:00:00;;;;;;;;;;;;;;;;
Intersection;4605;4944;839;3;3;5172;08:00:06;;;;;;;;;;;;;;;;
GPS;4603;4804;622;2;3;1243;08:00:08;;;;;;;;;;;;;;;;
Intersection;4595;4800;621;3;3;4445;08:00:12;;;;;;;;;;;;;;;;
GPS;4588;4652;37;3;3;3555;08:00:16;;;;;;;;;;;;;;;;
Intersection;4584;4915;821;3;3;676;08:00:16;;;;;;;;;;;;;;;;
Intersection;4581;4646;38;3;3;388;08:00:17;;;;;;;;;;;;;;;;
GPS;4568;4633;37;3;3;6936;08:00:24;;;;;;;;;;;;;;;;
Intersection;4563;4764;611;3;3;2950;08:00:27;;;;;;;;;;;;;;;;
Intersection;4561;4757;590;3;3;692;08:00:27;;;;;;;;;;;;;;;;
Intersection;4547;4633;60;3;3;3267;08:00:31;;;;;;;;;;;;;;;;
GPS;4545;4756;602;3;3;1091;08:00:32;;;;;;;;;;;;;;;;
GPS;4530;4872;820;2;3;8001;08:00:40;;;;;;;;;;;;;;;;
Intersection;4524;4895;822;3;3;2798;08:00:43;;;;;;;;;;;;;;;;
GPS;4514;4616;66;3;3;5201;08:00:48;;;;;;;;;;;;;;;;
Intersection;4520;4757;610;3;3;624;08:00:48;;;;;;;;;;;;;;;;
Intersection;4502;4612;74;3;3;3559;08:00:52;;;;;;;;;;;;;;;;
GPS;4495;4602;70;3;3;3817;08:00:56;;;;;;;;;;;;;;;;
Intersection;4495;4760;605;3;3;1000;08:00:57;;;;;;;;;;;;;;;;
GPS;4482;4747;606;3;3;7000;08:01:04;;;;;;;;;;;;;;;;
Intersection;4471;4634;119;3;3;6670;08:01:10;;;;;;;;;;;;;;;;
GPS;4468;4633;120;3;3;1329;08:01:12;;;;;;;;;;;;;;;;
Intersection;4439;4607;123;3;3;11764;08:01:23;;;;;;;;;;;;;;;;
Intersection;4425;4472;48;2;2;731;08:01:24;;;;;;;;;;;;;;;;
City;4420;4603;619;2;2;11630;08:01:25;;;;;;;;;;;;;;;;
Intersection;4420;4603;619;2;2;13;08:01:25;;;;;;;;;;;;;;;;
GPS;4405;4588;619;2;2;1;08:01:33;;;;;;;;;;;;;;;;
Intersection;4401;4585;619;2;2;11;08:01:35;;;;;;;;;;;;;;;;
GPS;4390;4444;66;2;2;5022;08:01:41;;;;;;;;;;;;;;;;
Intersection;4370;4554;618;2;2;7861;08:01:49;;;;;;;;;;;;;;;;
GPS;4370;4554;618;2;2;140;08:01:49;;;;;;;;;;;;;;;;
0.741754914;0.684696844;0.741754914;0.809187179;0.890105897;0.988369002;1.111915127;1.270760146;1.111915127;1.046508355;0.988369002;0.936349581;0.889532102;0.988369002;1.111915127;1.270760146;1.186042802;1.111915127;0.988369002;0.936349581;0.889532102;0.84717343;0.808665547;0.773506176
Generationen: 50;Crossover: ox2;C-Rate: 0.8;Mutation: Exchange;M-Rate: 0.5;Selection: Tournament;T-Size: 3;Reinsertion-Rate: 0.2;Generation-Gap: 0.4;Selection-Pressure: 1.2;GPS Frequenz: 8;;;;;;;;;;;;;
Iteration;total duration;avg. duration;standard deviation;avg.DiffrentCitiesofBest;avg.DiffrentCitiesofAll;calc. time;time;;;;;;;;;;;;;;;;
22;4683;5214;1011;3;3;10;09:32:37;;;;;;;;;;;;;;;;
49;4683;5060;877;3;3;2;09:32:37;;;;;;;;;;;;;;;;
Intersection-270222194;4618;4974;833;3;3;1452;08:00:00;;;;;;;;;;;;;;;;
GPS-G0;4609;4806;612;3;3;6552;08:00:08;;;;;;;;;;;;;;;;
Intersection-270909156;4605;4803;590;3;3;3665;08:00:11;;;;;;;;;;;;;;;;
"0.762856830932515","0.7049578260252901","0.7637043115273977","0.8331319762117065","0.9164451738328773","1.0182724153698637","1.1455564672910965","1.3092073911898248","1.1458110767587837","1.0784104251847377","1.0184987348966967","0.9648935383231863","0.916648861407027","1.0184987348966967","1.1458110767587837","1.3094983734386099","1.2221984818760359","1.1458110767587837","1.0184987348966967","0.9648935383231863","0.916648861407027","0.87299891562574","0.8333171467336609","0.797085966440893"
"Generationen: 50","Crossover: ox2","C-Rate: 0.8","Mutation: Exchange","M-Rate: 0.5","Selection: Tournament","T-Size: 3","Reinsertion-Rate: 0.2","Generation-Gap: 0.4","Selection-Pressure: 1.2","GPS Frequenz: 8"
"Iteration","total duration","avg. duration","standard deviation","avg.DiffrentCitiesofBest","avg.DiffrentCitiesofAll","calc. time","time"
"49","4683","5066","873","3","3","2","9:37:44"
"Intersection-270222194","4618","4980","830","3","3","1396","8:0:1"
"GPS-G0","4609","4810","607","3","3","6608","8:0:8"
"Intersection-270909156","4605","4812","605","3","3","4004","8:0:12"
"GPS-G1","4601","4810","620","3","3","3996","8:0:16"
"Intersection-267619033","4594","4667","38","3","3","6189","8:0:22"
"GPS-G2","4592","4665","38","3","3","1810","8:0:24"
"0.5489330558946771","0.5067074362104711","0.5489330558946771","0.5988360609760114","0.6584538542268217","0.7316153935853574","0.823067317783527","0.9406483631811738","0.823067317783527","0.7746515932080256","0.7316153935853574","0.6931093202387596","0.6585424050843458","0.731713783427051","0.8231780063554323","0.9407748644062083","0.878056540112461","0.8231780063554323","0.731713783427051","0.6932025316677324","0.6585424050843458","0.6271832429374722","0.5990780257873821","0.5730311551009742"
"Generationen: 500","Crossover: ox2","C-Rate: 0.8","Mutation: Exchange","M-Rate: 0.5","Selection: Tournament","T-Size: 3","Reinsertion-Rate: 0.2","Generation-Gap: 0.4","Selection-Pressure: 1.2","GPS Frequenz: 8"
"Iteration","total duration","avg. duration","standard deviation","avg.DiffrentCitiesofBest","avg.DiffrentCitiesofAll","calc. time","time"
"4","4709","6549","1421","3","4","4","9:40:20"
"8","4683","5947","1411","3","3","3","9:40:20"
"499","4683","5033","881","3","3","0","9:40:21"
"Intersection-270222194","4618","4949","837","3","3","1349","8:0:1"
"1.62996457220326","0.8629888777780669","0.9349046175929059","1.0198959464649882","1.121885541111487","1.2465394901238744","1.4023569263893587","1.6026936301592671","1.4023569263893587","1.3198653424841023","1.2465394901238744","1.1809321485384072","1.121885541111487","1.2465394901238744","1.4023569263893587","1.6026936301592671","1.4958473881486491","1.4023569263893587","1.2465394901238744","1.1809321485384072","1.121885541111487","1.068462420106178","1.0198959464649882","0.9747582788010686"
"Generationen: 500","Crossover: ox2","C-Rate: 0.8","Mutation: Exchange","M-Rate: 0.5","Selection: Tournament","T-Size: 3","Reinsertion-Rate: 0.2","Generation-Gap: 0.4","Selection-Pressure: 1.2","GPS Frequenz: 8"
"Iteration","total duration","avg. duration","standard deviation","avg.DiffrentCitiesofBest","avg.DiffrentCitiesofAll","calc. time","time"
"499","4683","4896","638","3","3","1","8:0:1"
"Intersection-270222194","4618","4819","607","3","3","1323","8:0:0"
"0.45573188726311453","0.4206755882428749","0.45573188726311453","0.49716205883248854","0.5468782647157374","0.6076425163508193","0.6835978308946717","1.2449112845531478","1.0892973739840044","1.0252210578672982","0.9682643324302261","0.9173030517760036","0.8714378991872035","0.9682643324302261","1.0892973739840044","1.2449112845531478","1.1619171989162713","1.0892973739840044","0.9682643324302261","0.9173030517760036","0.8714378991872035","0.8299408563687651","0.7922162719883667","0.44876985310969925"
"Generationen: 5000","Crossover: ox2","C-Rate: 0.8","Mutation: Exchange","M-Rate: 0.5","Selection: Tournament","T-Size: 3","Reinsertion-Rate: 0.2","Generation-Gap: 0.4","Selection-Pressure: 1.2","GPS Frequenz: 8"
"Iteration","total duration","relative totalduration","avg. duration","standard deviation","avg.DiffrentCitiesofBest","avg.DiffrentCitiesofAll","calc. time","time"
"0","3756","3756","5117","544","6","7","9","8:0:1"
"4","3750","3750","4665","523","5","6","2","8:0:1"
"21","3573","3573","4195","333","4","5","4","8:0:1"
"414","3455","3455","3778","148","4","4","1","8:0:2"
"1000","3455","3455","3745","176","3","4","1","8:0:2"
"2000","3455","3455","3726","137","3","4","1","8:0:3"
"3000","3455","3455","3747","187","3","4","0","8:0:4"
"4000","3455","3455","3726","137","3","4","0","8:0:5"
"4999","3455","3455","3763","211","3","4","1","8:0:6"
"Intersection-354490987","3408","3660","236","3","4","9105","8:0:8"
"GPS-G0","3407","3656","227","3","4","512","8:0:8"
"Intersection-252119325","3403","3639","189","3","4","3765","8:0:12"
"Intersection-3829282012","3401","3649","224","3","4","1090","8:0:13"
"Intersection-247892015","3407","3641","183","3","4","1528","8:0:15"
"0.214953546276892","0.19841865810174644","0.214953546276892","0.23449477775660946","0.2579442555322704","0.2866047283691894","0.322430319415338","0.36849179361752915","0.322430319415338","0.3034638300379652","0.2866047283691894","0.27152026898133724","0.2579442555322704","0.2866047283691894","0.322430319415338","0.36849179361752915","1.515977828825025","1.4212292145234608","1.2633148573541875","1.196824601703967","1.1369833716187687","1.082841306303589","1.0336212469261534","0.9886811927119729"
"Generationen: 5000","Crossover: ox2","C-Rate: 0.8","Mutation: Exchange","M-Rate: 0.5","Selection: Tournament","T-Size: 3","Reinsertion-Rate: 0.2","Generation-Gap: 0.4","Selection-Pressure: 1.2","GPS Frequenz: 8"
"Iteration","total duration","relative totalduration","avg. duration","standard deviation","avg.DiffrentCitiesofBest","avg.DiffrentCitiesofAll","calc. time","time"
"0","4192","4192","5449","589","6","6","8","8:0:1"
"10","4186","4186","4604","378","5","5","5","8:0:1"
"13","3929","3929","4497","369","6","5","3","8:0:1"
"15","3882","3882","4436","364","6","5","0","8:0:1"
"91","3574","3574","4097","235","5","5","0","8:0:1"
"1000","3574","3574","3835","224","4","5","0","8:0:2"
"2000","3574","3574","3851","233","5","5","0","8:0:2"
"3000","3574","3574","3828","199","4","5","1","8:0:3"
"4000","3574","3574","3838","209","4","5","0","8:0:4"
"4999","3574","3574","3819","169","4","5","0","8:0:5"
"Intersection-354490987","3411","3653","221","4","5","5","10111","8:0:2"
"Intersection-252119325","3405","3637","196","4","5","5","32","8:0:3"
"Intersection-3829282012","3403","3636","196","4","5","5","16","8:0:4"
"Intersection-247892015","3410","3620","143","4","5","5","21","8:0:4"
"Intersection-247892442","3402","3612","142","4","5","5","21","8:0:5"
"Intersection-1070763982","3386","3604","156","4","5","5","3282","8:0:9"
"GPS-G0","3384","3612","180","4","5","5","441","8:0:10"
"Intersection-247892037","3382","3617","195","4","5","5","1124","8:0:11"
"Intersection-354493089","3373","3617","224","4","4","4","3437","8:0:14"
"6.2554680492698145","5.774278199325982","6.2554680492698145","6.824146962839797","7.506561659123777","8.340624065693087","9.383202073904721","10.723659513033969","9.383202073904721","8.831249010733856","8.340624065693087","7.901643851709239","7.506561659123777","8.340624065693087","9.383202073904721","10.723659513033969","10.008748878831703","9.383202073904721","8.340624065693087","7.901643851709239","7.506561659123777","0.29673830480019037","0.28325020003654533","0.2709349739479999"
"Generationen: 5000","Crossover: ox2","C-Rate: 0.8","Mutation: Exchange","M-Rate: 0.5","Selection: Tournament","T-Size: 3","Reinsertion-Rate: 0.2","Generation-Gap: 0.4","Selection-Pressure: 1.2","GPS Frequenz: 8"
"Iteration","total duration","relative totalduration","avg. duration","standard deviation","avg.DiffrentCitiesofBest","avg.DiffrentCitiesofAll","calc. time","time"
"0","4673","4673","5420","436","6","6","8","8:0:1"
"6","3753","3753","4731","395","6","6","4","8:0:1"
"9","3746","3746","4466","399","4","5","0","8:0:1"
"GPS-G1","3360","3588","179","4","5","5","3454","8:0:18"
"1000","3746","3746","4163","504","3","4","1","8:0:2"
"2000","3746","3746","4112","408","3","4","0","8:0:3"
"Intersection-307747207","3357","3577","155","4","5","5","1867","8:0:20"
"3000","3746","3746","4187","573","3","4","0","8:0:4"
"4000","3746","3746","4136","432","3","4","1","8:0:4"
"4999","3746","3746","4185","567","4","4","0","8:0:5"
"Intersection-354493086","3344","3581","262","4","5","5","6022","8:0:26"
"GPS-G2","3343","3552","152","4","5","5","101","8:0:26"
"Intersection-247892354","3415","3645","276","4","5","5","6672","8:0:32"
"GPS-G3","3410","3613","213","4","4","4","1324","8:0:34"
"Intersection-1205890451","3305","3481","142","4","5","5","2254","8:0:36"
"Intersection-247892457","3306","3511","205","4","4","4","905","8:0:37"
"1.8315651001724524","1.6906754770822636","1.8315651001724524","1.998071018369948","2.197878120206943","2.4420868002299367","2.7473476502586784","3.1398258860099184","2.7473476502586784","2.5857389649493445","2.4420868002299367","2.3135559160073083","2.197878120206943","2.4420868002299367","2.7473476502586784","3.1398258860099184","2.9305041602759236","2.7473476502586784","2.4420868002299367","2.3135559160073083","2.197878120206943","2.0932172573399455","1.998071018369948","1.911198365397342"
"Generationen: 5000","Crossover: ox2","C-Rate: 0.8","Mutation: Exchange","M-Rate: 0.5","Selection: Tournament","T-Size: 3","Reinsertion-Rate: 0.2","Generation-Gap: 0.4","Selection-Pressure: 1.2","GPS Frequenz: 8"
"Iteration","total duration","relative totalduration","avg. duration","standard deviation","avg.DiffrentCitiesofBest","avg.DiffrentCitiesofAll","calc. time","time"
"0","4728","4728","5606","396","6","6","5","8:0:1"
"5","4464","4464","5311","372","5","6","0","8:0:1"
"19","4357","4357","4951","346","5","5","13","8:0:1"
"83","4012","4012","4625","378","4","4","1","8:0:1"
"206","4006","4006","4367","235","4","4","0","8:0:1"
"1000","4006","4006","4353","276","3","4","0","8:0:2"
"2000","4006","4006","4417","462","3","4","1","8:0:2"
"3000","4006","4006","4374","304","3","4","0","8:0:3"
"3089","3840","3840","4337","328","4","3","0","8:0:3"
"3090","3751","3751","4206","267","4","4","4","8:0:3"
"4000","3751","3751","4093","218","3","4","1","8:0:4"
"4999","3751","3751","4134","309","3","4","0","8:0:4"
"GPS-G4","3288","3543","310","4","5","5","4843","8:0:42"
"Intersection-303499560","3281","3458","143","4","5","5","2700","8:0:45"
"GPS-G5","3260","3424","117","4","5","5","5299","8:0:50"
"Intersection-303501692","3258","3470","203","4","5","5","1046","8:0:51"
"GPS-G0","3550","3743","193","3","3","3","11533","8:0:8"
"Intersection-16932018","3254","3479","255","4","4","4","4621","8:0:56"
"GPS-G6","3245","3448","209","4","5","5","2337","8:0:58"
"GPS-G1","3546","3751","205","3","3","3","7993","8:0:16"
"GPS-G7","3214","3394","148","4","5","5","7995","8:1:6"
"Intersection-354490987","3547","3740","195","3","3","3","6687","8:0:18"
"Intersection-1205921698","3200","3426","275","4","5","5","3074","8:1:9"
"Intersection-1370010186","3205","3384","143","4","5","5","1165","8:1:10"
"GPS-G0","3542","3728","177","3","4","4","3953","8:0:26"
"Intersection-245420064","3185","3379","170","4","5","5","3452","8:1:14"
"GPS-G8","3183","3425","284","4","5","5","309","8:1:14"
"Intersection-3422069706","3186","3371","159","4","5","5","263","8:1:14"
"Intersection-252119325","3540","3754","223","3","4","4","3092","8:0:29"
"Intersection-3829282012","3538","3745","218","3","4","4","2696","8:0:32"
"Intersection-670263849","3172","3360","155","4","5","5","4555","8:1:19"
"GPS-G1","3537","3764","241","3","4","4","2213","8:0:34"
"Intersection-247892015","3544","3753","224","3","4","4","1623","8:0:36"
"GPS-G9","3160","3383","221","4","5","5","3181","8:1:22"
"Intersection-2703853163","3165","3329","116","4","5","5","1521","8:1:23"
"GPS-G2","3541","3740","201","3","4","4","6376","8:0:42"
"Intersection-247892442","3537","3746","214","3","3","3","2199","8:0:45"
"GPS-G10","3140","3336","201","4","5","5","6484","8:1:30"
"GPS-G3","3534","3729","199","3","4","4","5801","8:0:50"
"GPS-G11","3109","3279","133","4","5","5","7995","8:1:38"
"Intersection-1364163739","3111","3296","148","4","5","5","327","8:1:38"
"Intersection-1304218945","3135","3356","235","4","5","5","1026","8:1:39"
"GPS-G4","3529","3733","200","3","3","3","8000","8:0:58"
"GPS-G12","3109","3305","172","4","5","5","6648","8:1:46"
"GPS-G5","3526","3737","220","3","4","4","8001","8:1:6"
"GPS-G13","3078","3273","220","4","5","5","8003","8:1:54"
"GPS-G6","3521","3749","242","3","4","4","8003","8:1:14"
"Intersection-3157325994","3036","3228","186","4","4","4","6916","8:2:1"
"Intersection-129691166","3056","3275","233","4","5","5","521","8:2:1"
"GPS-G14","3053","3224","133","4","5","5","559","8:2:2"
"GPS-G7","3518","3728","225","3","3","3","7997","8:1:22"
"Intersection-1070763982","3518","3726","211","3","4","4","409","8:1:23"
"GPS-G15","3022","3182","104","4","5","5","8000","8:2:10"
"GPS-G8","3514","3755","272","3","4","4","7590","8:1:30"
"GPS-G16","2991","3216","272","4","5","5","8000","8:2:18"
"Intersection-247892037","3516","3711","200","3","4","4","5578","8:1:36"
"GPS-G9","3515","3727","217","3","4","4","2422","8:1:38"
"GPS-G17","2960","3169","229","4","5","5","8009","8:2:26"
"Intersection-247068137","2958","3148","158","4","5","5","898","8:2:27"
"GPS-G10","3510","3719","213","3","3","3","8000","8:1:46"
"GPS-G18","2931","3103","131","4","4","4","7098","8:2:34"
"Intersection-256971536","2919","3148","272","4","5","5","1970","8:2:36"
"Intersection-256971530","2918","3199","288","5","5","5","2582","8:2:38"
"GPS-G11","3507","3710","205","3","4","4","8003","8:1:54"
"GPS-G19","2905","3196","303","4","4","4","3447","8:2:42"
"GPS-G12","3502","3702","198","3","4","4","8001","8:2:2"
"GPS-G20","2874","3133","266","4","5","5","7996","8:2:50"
"Intersection-354493089","3506","3710","205","3","3","3","2964","8:2:5"
"Intersection-1756145957","2868","3105","173","4","5","5","886","8:2:51"
"Intersection-321894149","2866","3167","278","4","4","4","1497","8:2:52"
"GPS-G13","3503","3712","222","3","4","4","5032","8:2:10"
"GPS-G21","2844","3139","303","4","4","4","5619","8:2:58"
"Intersection-256971492","2838","3114","264","4","4","4","1945","8:3:0"
"Intersection-256971565","2835","3120","235","4","5","5","464","8:3:0"
"GPS-G14","3498","3716","224","3","3","3","8000","8:2:18"
"Intersection-256971567","2826","3125","287","4","4","4","3668","8:3:4"
"GPS-G22","2818","3164","334","3","4","4","1920","8:3:6"
"Intersection-256971570","2808","3078","200","3","4","4","2402","8:3:8"
"GPS-G15","3495","3700","205","3","3","3","8001","8:2:26"
"Intersection-1453668051","2796","3077","236","4","4","4","4289","8:3:13"
"Intersection-1453668281","2763","2971","160","3","4","4","6696","8:3:19"
"GPS-G16","3490","3687","199","3","4","4","8007","8:2:34"
"City-8","2719","2982","284","3","4","4","1976","8:3:20"
"Intersection-1453668308","2713","2918","153","3","4","4","1586","8:3:23"
"Intersection-2555376351","2709","2924","170","4","4","4","676","8:3:24"
"GPS-G17","3487","3668","181","3","3","3","7992","8:2:42"
"GPS-G0","2693","2935","246","3","4","4","4296","8:3:28"
"Intersection-1494076997","2687","2932","241","3","4","4","1411","8:3:29"
"Intersection-257119230","2681","2898","174","3","4","4","1840","8:3:31"
"Intersection-223733654","2678","2911","214","4","4","4","1227","8:3:32"
"Intersection-800240046","2676","2897","196","3","4","4","2157","8:3:34"
"Intersection-307747207","3488","3697","219","3","3","3","7754","8:2:50"
"GPS-G18","3488","3694","215","3","3","3","247","8:2:50"
"GPS-G1","2671","2910","231","3","4","4","1364","8:3:36"
"Intersection-256971492","2648","2927","298","3","4","4","7415","8:3:43"
"GPS-G19","3484","3715","247","3","3","3","8000","8:2:58"
"GPS-G2","2646","2885","230","3","4","4","587","8:3:44"
"Intersection-321894149","2619","2867","244","3","4","4","6923","8:3:51"
"GPS-G20","3480","3683","202","3","4","4","8001","8:3:6"
"Intersection-257113575","2615","2866","247","3","4","4","767","8:3:52"
"GPS-G3","2613","2826","170","3","4","4","308","8:3:52"
"Intersection-1756145957","2621","2822","148","3","4","4","435","8:3:52"
"GPS-G21","3477","3672","197","3","3","3","7999","8:3:14"
"GPS-G4","2592","2801","160","3","4","4","7564","8:4:0"
"Intersection-256971530","2576","2782","165","3","4","4","4781","8:4:5"
"Intersection-321896727","2566","2785","180","4","4","4","2423","8:4:7"
"GPS-G22","3472","3667","197","3","4","4","8000","8:3:22"
"Intersection-2079092569","2563","2828","266","3","4","4","443","8:4:7"
"Intersection-773086592","2547","2759","167","3","4","4","4149","8:4:12"
"GPS-G23","3467","3685","226","3","3","3","8009","8:3:30"
"City-7","2438","2693","243","3","4","4","3924","8:4:13"
"Intersection-773086592","2434","2662","195","3","4","4","11","8:4:15"
"Intersection-2079092569","2418","2682","271","3","4","4","3177","8:4:19"
"Intersection-321896727","2419","2687","287","3","4","4","448","8:4:19"
"GPS-G0","2412","2646","210","3","4","4","1953","8:4:21"
"Intersection-256971530","2408","2670","281","3","4","4","534","8:4:22"
"GPS-G24","3464","3682","247","3","4","4","7991","8:3:38"
"Intersection-256971536","2399","2631","209","3","4","4","2637","8:4:24"
"Intersection-354493086","3473","3670","199","3","4","4","3135","8:3:42"
"GPS-G1","2381","2592","159","3","4","4","4825","8:4:29"
"GPS-G25","3471","3663","192","3","3","3","4865","8:3:46"
"Intersection-247068137","2382","2598","164","3","4","4","4307","8:4:33"
"GPS-G2","2368","2653","322","3","4","4","3695","8:4:37"
"GPS-G26","3466","3637","144","4","4","4","8003","8:3:54"
"GPS-G3","2337","2543","150","3","4","4","7997","8:4:45"
"GPS-G27","3463","3671","221","3","4","4","7998","8:4:2"
"GPS-G4","2306","2540","194","4","4","4","8000","8:4:53"
"GPS-G28","3458","3668","222","3","3","3","8002","8:4:10"
"Intersection-129691166","2298","2559","250","3","4","4","6287","8:4:59"
"Intersection-3157325994","2297","2545","250","3","4","4","513","8:5:0"
"GPS-G5","2293","2511","170","4","4","4","1203","8:5:1"
"GPS-G29","3455","3645","191","3","4","4","7996","8:4:18"
"GPS-G6","2262","2488","199","3","4","4","8000","8:5:9"
"GPS-G30","3450","3646","197","3","3","3","8002","8:4:26"
"GPS-G7","2231","2455","175","3","4","4","7997","8:5:17"
"GPS-G31","3445","3654","208","3","4","4","7998","8:4:34"
"Intersection-1304218945","2215","2422","153","3","4","4","3504","8:5:21"
"Intersection-1364163739","2222","2472","240","3","4","4","1033","8:5:22"
"Intersection-247892354","3536","3771","259","3","3","3","4551","8:4:39"
"GPS-G8","2208","2417","154","3","4","4","3464","8:5:25"
"GPS-G32","3533","3752","228","3","4","4","3448","8:4:42"
"GPS-G9","2177","2400","177","4","4","4","7999","8:5:33"
"GPS-G33","3530","3734","205","3","4","4","8003","8:4:50"
"Intersection-2703853163","2168","2418","259","3","4","4","3340","8:5:36"
"Intersection-670263849","2154","2371","175","3","4","4","4640","8:5:41"
"GPS-G10","2153","2426","279","3","4","4","22","8:5:41"
"GPS-G34","3525","3716","192","3","4","4","7998","8:4:58"
"Intersection-3422069706","2137","2369","195","3","4","4","4524","8:5:46"
"Intersection-1373689692","2134","2406","266","3","4","4","673","8:5:46"
"Intersection-1373689711","2128","2383","233","4","4","4","612","8:5:47"
"Intersection-1205921723","2126","2406","291","3","4","4","580","8:5:48"
"GPS-G11","2120","2364","189","4","4","4","1610","8:5:49"
"Intersection-290082298","2119","2417","301","3","4","4","679","8:5:50"
"GPS-G35","3521","3709","180","3","4","4","8002","8:5:6"
"Intersection-16931996","2111","2364","210","3","4","4","2577","8:5:52"
"Intersection-16931995","2118","2440","264","4","4","4","1130","8:5:54"
"Intersection-1205890451","3431","3635","204","3","4","4","3877","8:5:10"
"GPS-G12","2104","2405","236","3","4","4","3612","8:5:57"
"GPS-G36","3429","3627","198","3","3","3","4122","8:5:14"
"Intersection-247892457","3433","3637","209","3","4","4","3571","8:5:18"
"GPS-G13","2073","2382","267","3","4","4","8003","8:6:5"
"GPS-G37","3432","3644","222","3","3","3","4432","8:5:22"
"Intersection-16931983","2055","2365","254","3","4","4","5353","8:6:10"
"Intersection-16931981","2045","2340","207","3","4","4","3220","8:6:14"
"GPS-G38","3427","3625","203","3","3","3","7996","8:5:30"
"Intersection-670265184","2036","2367","268","3","4","4","3058","8:6:17"
"Intersection-4232517484","2033","2349","255","3","4","4","1802","8:6:19"
"Intersection-900927967","2033","2363","268","3","3","3","305","8:6:19"
"Intersection-16931978","2022","2316","195","3","3","3","656","8:6:20"
"City-2","1924","2252","250","3","3","3","3135","8:6:21"
"Intersection-16931976","1929","2260","253","3","3","3","1","8:6:22"
"GPS-G39","3423","3619","197","3","3","3","8000","8:5:38"
"Intersection-16931975","1916","2228","206","3","3","3","1171","8:6:24"
"Intersection-459597666","1916","2264","270","3","3","3","390","8:6:24"
"Intersection-16931972","1905","2239","241","3","3","3","3062","8:6:27"
"Intersection-16931968","1901","2262","298","2","3","3","1485","8:6:29"
"GPS-G0","1900","2232","239","2","3","3","218","8:6:29"
"Intersection-16931966","1895","2256","283","3","3","3","2074","8:6:31"
"GPS-G40","3419","3621","204","3","3","3","8004","8:5:46"
"Intersection-1369841890","1915","2374","299","3","3","3","3903","8:6:35"
"GPS-G1","1907","2352","316","2","3","3","2019","8:6:37"
"GPS-G41","3415","3615","201","3","3","3","7998","8:5:54"
"GPS-G2","1876","2325","316","2","3","3","7999","8:6:45"
"GPS-G3","1845","2289","306","2","3","3","8000","8:6:53"
"GPS-G4","1814","2254","303","2","3","3","8001","8:7:1"
"1.8310119379631444","1.690164865812133","1.8310119379631444","1.9974675686870664","2.1972143255557732","2.441349250617526","2.7465179069447165","2.0969497658158196","1.8348310450888423","1.7268998071424397","1.6309609289678597","1.5451208800748144","1.4678648360710738","1.6309609289678597","1.8348310450888423","2.0969497658158196","0.6628286734851438","0.6214018813923223","2.639762090816578","2.5008272439314947","2.3757858817349202","2.262653220699924","2.1598053470317455","2.065900766726018"
"Generationen: 5000","Crossover: ox2","C-Rate: 0.8","Mutation: Exchange","M-Rate: 0.5","Selection: Tournament","T-Size: 3","Reinsertion-Rate: 0.2","Generation-Gap: 0.4","Selection-Pressure: 1.2","GPS Frequenz: 8"
"Iteration","total duration","relative totalduration","avg. duration","standard deviation","avg.DiffrentCitiesofBest","avg.DiffrentCitiesofAll","calc. time","time"
"0","0","0","0","0","17","17","14","8:0:0"
"0.925965691175395","0.8547375610849799","0.925965691175395","0.24537502150727433","0.2699125236580018","0.2999028040644464","0.3373906545725022","0.6173559678955898","0.5401864719086411","0.5084107970904858","0.480165752807681","0.45489387108096085","0.43214917752691284","0.480165752807681","0.5401864719086411","0.6173559678955898","0.5761989033692171","0.5401864719086411","0.480165752807681","0.45489387108096085","0.43214917752691284","0.4115706452637265","0.39286288866082986","1.2711796758414606"
"Generationen: 5000","Crossover: ox2","C-Rate: 0.8","Mutation: Exchange","M-Rate: 0.5","Selection: Tournament","T-Size: 3","Reinsertion-Rate: 0.2","Generation-Gap: 0.4","Selection-Pressure: 1.2","GPS Frequenz: 8"
"Iteration","total duration","relative totalduration","avg. duration","standard deviation","avg.DiffrentCitiesofBest","avg.DiffrentCitiesofAll","calc. time","time"
"0","0","0","0","0","18","17","27","8:0:0"
"0.39594209902842925","0.38271094751865364","0.41460352647854154","0.4522947561584089","0.4975242317742498","0.5528047019713888","0.6219052897178122","1.1256545587698072","0.9849477389235815","0.927009636633959","0.8755091012654057","0.8294296748830159","0.7879581911388651","0.8755091012654057","0.9849477389235815","1.1256545587698072","1.0506109215184867","0.9849477389235815","0.8755091012654057","0.8294296748830159","0.7879581911388651","0.7504363725132048","0.7163256283080591","0.6851810357729262"
"Generationen: 5000","Crossover: ox2","C-Rate: 0.8","Mutation: Exchange","M-Rate: 0.5","Selection: Tournament","T-Size: 3","Reinsertion-Rate: 0.2","Generation-Gap: 0.4","Selection-Pressure: 1.2","GPS Frequenz: 8"
"Iteration","total duration","relative totalduration","avg. duration","standard deviation","avg.DiffrentCitiesofBest","avg.DiffrentCitiesofAll","calc. time","time"
"0","0","0","0","0","17","17","16","8:0:0"
"1000","0","0","0","0","16","17","2","8:0:2"
"2000","0","0","0","0","16","17","2","8:0:3"
"3000","0","0","0","0","16","17","1","8:0:5"
"4000","0","0","0","0","16","17","3","8:0:7"
"4999","0","0","0","0","17","17","1","8:0:8"
"0.6264622129049797","0.5782728119122889","0.6264622129049797","0.6834133231690688","0.7517546554859756","0.8352829505399729","0.9396933193574696","1.0739352221228224","0.9396933193574696","0.8844172417482067","0.4485908716128759","0.424980825738514","0.4037317844515883","0.4485908716128759","0.5046647305644854","0.5767596920736976","0.538309045935451","0.5046647305644854","0.4485908716128759","0.424980825738514","0.4037317844515883","0.384506461382465","0.36702889495598934","0.35107111691442466"
"Generationen: 5000","Crossover: ox2","C-Rate: 0.8","Mutation: Exchange","M-Rate: 0.5","Selection: Tournament","T-Size: 3","Reinsertion-Rate: 0.2","Generation-Gap: 0.4","Selection-Pressure: 1.2","GPS Frequenz: 8"
"Iteration","total duration","relative totalduration","avg. duration","standard deviation","avg.DiffrentCitiesofBest","avg.DiffrentCitiesofAll","calc. time","time"
"0","0","0","0","0","17","17","18","8:0:1"
"1000","0","0","0","0","17","17","1","8:0:2"
"2000","0","0","0","0","17","17","1","8:0:4"
"3000","0","0","0","0","16","17","1","8:0:5"
"4000","0","0","0","0","17","17","1","8:0:6"
"4999","0","0","0","0","16","17","1","8:0:7"
"0.2910020012537874","0.2997811071903609","0.324762866122891","0.3542867630431538","0.3897154393474692","0.4330171548305214","0.48714429918433655","0.556736341924956","0.48714429918433655","0.4584887521734932","0.4330171548305214","0.41022677826049386","0.3897154393474692","0.4330171548305214","0.48714429918433655","0.556736341924956","0.5196205857966256","0.48714429918433655","0.4330171548305214","0.41022677826049386","0.3897154393474692","0.371157561283304","0.3542867630431538","0.3388829907369298"
"Generationen: 5000","Crossover: ox2","C-Rate: 0.8","Mutation: Exchange","M-Rate: 0.5","Selection: Tournament","T-Size: 3","Reinsertion-Rate: 0.2","Generation-Gap: 0.4","Selection-Pressure: 1.2","GPS Frequenz: 8"
"Iteration","total duration","relative totalduration","avg. duration","standard deviation","avg.DiffrentCitiesofBest","avg.DiffrentCitiesofAll","calc. time","time"
"0","0","0","0","0","17","17","8","8:0:1"
"1000","0","0","0","0","18","17","1","8:0:2"
"2000","0","0","0","0","16","17","2","8:0:3"
"3000","0","0","0","0","17","17","2","8:0:4"
"4000","0","0","0","0","17","17","1","8:0:5"
"4999","0","0","0","0","17","17","1","8:0:6"
"3.4375261608085323","3.1731010715155676","3.4375261608085323","3.750028539063853","1.885199797385795","2.0946664415397724","2.356499746732244","2.693142567693993","2.356499746732244","2.2178821145715237","2.0946664415397724","1.9844208393534684","1.885199797385795","2.0946664415397724","2.356499746732244","2.693142567693993","2.5135997298477264","2.356499746732244","2.0946664415397724","1.9844208393534684","1.885199797385795","1.795428378462662","1.71381799762345","1.639304171639822"
"Generationen: 5000","Crossover: ox2","C-Rate: 0.8","Mutation: Exchange","M-Rate: 0.5","Selection: Tournament","T-Size: 3","Reinsertion-Rate: 0.2","Generation-Gap: 0.4","Selection-Pressure: 1.2","GPS Frequenz: 8"
"Iteration","total duration","relative totalduration","avg. duration","standard deviation","avg.DiffrentCitiesofBest","avg.DiffrentCitiesofAll","calc. time","time"
"0","0","0","0","0","17","17","9","8:0:0"
"1000","0","0","0","0","16","17","1","8:0:2"
"2000","0","0","0","0","16","17","2","8:0:3"
"3000","0","0","0","0","17","17","0","8:0:4"
"4000","0","0","0","0","16","17","3","8:0:6"
"4999","0","0","0","0","17","17","1","8:0:7"
"0.5651982378184928","0.8507675200061914","0.9216648133400407","1.0054525236436807","1.1059977760080488","1.228886417786721","1.3824972200100611","1.5799968228686412","1.3824972200100611","1.3011738541271163","1.228886417786721","1.1642081852716302","1.1059977760080488","1.228886417786721","1.3824972200100611","1.5799968228686412","1.474663701344065","1.3824972200100611","1.228886417786721","1.1642081852716302","1.1059977760080488","0.6772275329094181","0.6464444632317172","0.6183381822216427"
"Generationen: 5000","Crossover: ox2","C-Rate: 0.8","Mutation: Exchange","M-Rate: 0.5","Selection: Tournament","T-Size: 3","Reinsertion-Rate: 0.2","Generation-Gap: 0.4","Selection-Pressure: 1.2","GPS Frequenz: 8"
"Iteration","total duration","relative totalduration","avg. duration","standard deviation","avg.DiffrentCitiesofBest","avg.DiffrentCitiesofAll","calc. time","time"
"0","11103","11103","13886","1397","17","17","17","8:0:0"
"6","8919","8919","11124","1333","14","15","5","8:0:0"
"14","8697","8697","10053","1116","9","12","4","8:0:0"
"15","8648","8648","9964","1215","13","11","4","8:0:0"
"16","8271","8271","9390","667","11","10","4","8:0:0"
"35","8213","8213","8776","626","8","7","3","8:0:0"
"98","7739","7739","8430","229","5","5","2","8:0:0"
"99","7681","7681","8362","257","5","6","5","8:0:0"
"154","7679","7679","8107","271","5","5","2","8:0:1"
"159","7553","7553","7978","259","4","4","2","8:0:1"
"1000","7553","7553","7918","250","3","4","1","8:0:2"
"2000","7553","7553","7912","256","3","3","2","8:0:3"
"3000","7553","7553","7912","256","3","3","1","8:0:5"
"0.5602918223417336","0.5171924513923695","0.5602918223417336","0.6112274425546185","0.6723501868100803","1.216754267336445","1.3688485507535006","1.5643983437182865","1.3688485507535006","1.2883280477680006","1.216754267336445","1.1527145690555793","1.0950788406028005","1.216754267336445","1.3688485507535006","1.5643983437182865","1.460105120803734","1.3688485507535006","1.216754267336445","1.1527145690555793","1.0950788406028005","1.0429322291455243","0.9955262187298186","0.9522424700893918"
"Generationen: 5000","Crossover: ox2","C-Rate: 0.8","Mutation: Exchange","M-Rate: 0.5","Selection: Tournament","T-Size: 3","Reinsertion-Rate: 0.2","Generation-Gap: 0.4","Selection-Pressure: 1.2","GPS Frequenz: 8"
"Iteration","total duration","relative totalduration","avg. duration","standard deviation","avg.DiffrentCitiesofBest","avg.DiffrentCitiesofAll","calc. time","time"
"0","15810","15810","17583","1034","16","17","12","8:0:1"
"3","15577","15577","17056","855","15","15","6","8:0:1"
"8","14495","14495","16259","650","15","15","4","8:0:1"
"10","14285","14285","15763","683","14","14","11","8:0:1"
"14","12536","12536","15291","896","11","12","2","8:0:1"
"31","12038","12038","14400","956","7","9","3","8:0:1"
"35","11749","11749","13737","983","9","9","1","8:0:1"
"56","11156","11156","12492","601","5","7","1","8:0:1"
"452","11084","11084","11660","285","4","5","1","8:0:2"
